Rinah Fuller;+48 652-972-071;augue.scelerisque@turpis.net;Des Moines;N
Kameko Rich;+48 277-168-261;ac@neque.net;Middelkerke;N
Slade Blevins;+48 710-666-753;egestas.a.scelerisque@magna.com;Solihull;Y
Patience Y. Knox;+48 177-579-593;aliquam@quam.co.uk;Jandrain-Jandrenouille;N
Sydnee Wheeler;+48 381-809-475;ornare.Fusce.mollis@neceleifend.com;Bacabal;N
Cheyenne Vasquez;+48 215-277-675;Integer.sem.elit@Proinnisl.com;Aubange;Y
Harper Goff;+48 940-563-010;egestas.Aliquam@eratvolutpat.edu;Huacho;Y
Shad X. Emerson;+48 446-425-325;natoque@massa.edu;Caloundra;Y
Donovan Wall;+48 916-989-912;Ut.semper.pretium@tincidunttempusrisus.co.uk;Padang Panjang;Y
Cynthia Reyes;+48 969-398-625;at.fringilla.purus@velitinaliquet.com;Kolhapur;N
Cullen F. Glenn;+48 823-342-481;convallis@nibhAliquamornare.co.uk;Chicago;N
Kelly Ferguson;+48 517-969-078;ut.quam.vel@tristiqueneque.co.uk;Rijkevorsel;N
Lucy T. Gentry;+48 864-359-393;Duis@facilisisfacilisismagna.com;Arendonk;N
August Kennedy;+48 581-233-728;cursus@ametornarelectus.ca;Nandyal;Y
Venus Lott;+48 936-405-340;ut.nulla@feugiat.co.uk;Godhra;Y
Acton Weeks;+48 530-787-825;dictum@luctusCurabitur.net;Malartic;N
Camden Watson;+48 358-195-700;purus@ipsumcursusvestibulum.ca;La Serena;N
Nell Harmon;+48 559-848-793;tempus@elitpharetra.co.uk;Linkebeek;N
Keaton A. Mckee;+48 179-440-674;litora@nibhPhasellusnulla.co.uk;Soacha;N
Bert O. Herring;+48 592-672-050;egestas.blandit@eu.net;Wetzlar;N
Heather K. Greer;+48 431-358-115;a.magna.Lorem@dictumPhasellus.co.uk;Bacabal;Y
Hammett Roman;+48 867-916-379;rutrum.lorem.ac@tristique.co.uk;Bad Neuenahr-Ahrweiler;Y
Ignacia Jacobs;+48 300-816-262;pharetra.nibh@vestibulumnec.org;Pace del Mela;N
Jacqueline Cain;+48 435-985-669;faucibus@loremeu.com;João Pessoa;N
Clio R. Cortez;+48 435-400-830;felis@eros.ca;Coleville Lake;Y
Ivana C. Giles;+48 589-720-606;arcu.Sed@consectetuereuismod.ca;Dehri;N
Madeline X. Hurst;+48 461-829-791;penatibus@Phasellusnulla.edu;Austin;Y
Zahir M. Webb;+48 124-249-980;sit@eleifendnondapibus.com;Banda;N
Nina Cash;+48 435-743-867;vitae.odio@dignissim.org;Sigillo;N
Clinton Hicks;+48 379-684-165;dolor@Suspendisseacmetus.net;Piancastagnaio;Y
Magee I. Pierce;+48 977-726-329;mauris.id@Nuncmauris.co.uk;Osgoode;Y
Damian Gordon;+48 620-175-058;a.felis@interdumfeugiat.edu;Sim;N
Tate Chapman;+48 246-763-804;dui.Cum@cursus.co.uk;New Bombay;Y
Delilah Y. Hudson;+48 942-506-522;mollis.dui.in@at.net;North Shore;N
Darius H. Pace;+48 861-896-226;magna@nequevitaesemper.com;Sparwood;Y
Leandra T. Mosley;+48 500-444-932;facilisis@ut.co.uk;Elx;Y
Kennan Wynn;+48 184-845-737;Vivamus.molestie@auctornunc.co.uk;Warren;N
Kerry W. Goodwin;+48 840-996-781;libero@eu.ca;Gespeg;Y
Kieran X. Gray;+48 583-869-969;ornare.facilisis@Suspendissealiquetsem.org;Victoria;N
Shaeleigh E. Norris;+48 872-303-141;Phasellus.vitae.mauris@natoquepenatibus.org;Northallerton;Y
Wallace U. Rios;+48 442-604-782;Praesent@ipsumleoelementum.edu;Denny;N
Amanda Bean;+48 836-292-747;ac@imperdiet.edu;Gooik;Y
Prescott Weeks;+48 734-245-545;et@vellectusCum.co.uk;Suruç;N
Astra M. Stark;+48 729-782-743;tempus.eu.ligula@justoeu.com;Stuttgart;Y
Breanna I. Dillard;+48 281-977-727;ipsum.cursus@dolornonummy.ca;Mitú;N
Meghan Boyer;+48 830-505-573;senectus@ultrices.org;Cochrane;N
Isaac Solis;+48 144-323-563;lacinia.vitae.sodales@laciniaorci.com;Meldert;Y
Allegra J. Hendrix;+48 736-558-541;Fusce.fermentum.fermentum@Pellentesquehabitant.net;Lac-Serent;Y
Gillian W. Bradford;+48 901-653-216;et.commodo@a.net;Sainte-Marie-sur-Semois;Y
Colorado J. Conley;+48 953-551-268;ligula.Nullam.feugiat@massaQuisque.edu;South Bend;Y
Victor B. Evans;+48 541-306-641;velit.justo@mauriseuelit.ca;Woodstock;N
Quintessa Mejia;+48 492-631-093;Cum.sociis@volutpatornarefacilisis.org;Pocheon;N
Petra A. Ward;+48 423-886-548;eros.turpis@pedeCum.edu;Gönen;Y
Zephr Mullen;+48 465-527-950;vestibulum@molestie.net;Eghezee;N
Alea F. Hurst;+48 427-160-988;eu.dui.Cum@enim.edu;Beigem;N
Joan P. Fowler;+48 927-106-906;ante.Nunc.mauris@molestiearcuSed.edu;Oklahoma City;Y
Iola Barry;+48 892-798-169;eu.erat@et.net;Cressa;Y
Ray L. Wade;+48 169-981-544;Fusce.diam@dictumsapienAenean.com;Koszalin;N
Blythe Turner;+48 495-896-572;semper.cursus.Integer@Donec.com;Loreto;Y
Beatrice Alexander;+48 787-312-084;ac@lobortisrisus.com;Wibrin;N
Denton Golden;+48 800-183-422;non.justo@vestibulum.net;Le Mans;Y
Craig N. Morin;+48 158-991-803;a@Maecenas.edu;Tarma;N
Noah Figueroa;+48 794-585-477;augue.porttitor.interdum@id.com;Taunusstein;Y
David N. Walker;+48 780-574-115;mauris@torquent.org;Mackay;Y
Piper Pate;+48 772-991-762;justo.sit@lobortisquam.com;Saguenay;Y
Eve I. Bryan;+48 236-809-177;Cras@massa.co.uk;Augusta;N
Sybill K. Hewitt;+48 696-609-213;Donec@conubianostraper.net;Snaaskerke;N
Tarik O. Medina;+48 910-218-587;egestas.Aliquam@quisarcu.edu;Kleinmachnow;Y
Renee Brown;+48 434-596-505;feugiat@tristique.ca;Leiden;N
Samantha W. Roberson;+48 207-145-258;pede@variuset.net;Fiuminata;Y
Shana K. Quinn;+48 395-276-688;vitae.sodales.at@velitegestas.edu;Leiden;Y
Madison Rhodes;+48 144-984-344;elementum.sem.vitae@miAliquamgravida.co.uk;Diano Arentino;Y
Honorato Haley;+48 653-746-053;magna.malesuada@ligula.net;Rawalpindi;N
Chester N. Norton;+48 393-209-016;sed@enimconsequat.net;Norwich;Y
Raphael T. Terrell;+48 319-696-936;netus.et.malesuada@infaucibusorci.ca;St. Paul;Y
Gretchen H. Espinoza;+48 656-809-861;lorem.auctor@telluseu.net;Monticelli d'Ongina;Y
Silas Z. Gamble;+48 898-496-660;null;Ely;Y
Mary D. Reyes;+48 956-941-897;auctor.Mauris.vel@aaliquetvel.net;Romano d'Ezzelino;N
Quon Carr;+48 756-505-661;null;null;Y
Quinlan O. Gates;+48 258-675-354;purus.Maecenas@aceleifendvitae.net;Saint-Urbain;Y
Orlando Castillo;+48 270-692-263;nisl@Aeneanegetmetus.com;Landeck;N
Candice Dillard;+48 558-499-309;Morbi.metus@dolordolor.co.uk;Butte;N
Randall Wong;+48 784-402-960;erat.volutpat.Nulla@velit.ca;Pica;N
Lila Y. Sweet;+48 211-238-610;et.rutrum@luctussit.co.uk;Inverness;Y
Raymond Sanford;+48 358-563-678;enim.commodo@accumsanconvallisante.net;Skegness;N
Doris X. Carpenter;+48 977-167-560;blandit.mattis.Cras@Donecfelis.co.uk;Jönköping;N
Wanda Z. Luna;+48 253-167-461;elit.pretium.et@eratvelpede.com;Daly;N
Linda Dillon;+48 939-688-955;ligula.consectetuer.rhoncus@Morbi.edu;Wepion;Y
Ezra V. Mccall;+48 878-556-937;consequat.dolor@tempor.ca;Villers-la-Ville;Y
Basil W. Washington;+48 192-915-943;risus.at.fringilla@urnaUt.edu;Tarragona;Y
Haviva Bridges;+48 574-271-074;eu.dolor@Duisvolutpatnunc.edu;Balikpapan;N
Demetria Hubbard;+48 591-274-417;aliquet.Phasellus@turpisvitae.edu;Tampa;N
Miranda Dillon;+48 873-789-191;Sed.nunc.est@massaSuspendisseeleifend.ca;Campbellton;Y
Charles Luna;+48 756-889-706;non@Quisque.co.uk;Piscinas;N
Carl Y. Rosa;null;laoreet.libero.et@Nullamfeugiatplacerat.ca;Phoenix;Y
Kevyn B. Smith;+48 991-966-464;erat.Vivamus@tincidunt.co.uk;Haverhill;N
Tucker S. Black;+48 471-852-113;vitae.aliquam.eros@Donectempuslorem.org;null;N
Constance Clark;+48 871-481-042;lorem@quamafelis.edu;Mignanego;N
Nash Marks;+48 690-928-342;Mauris@pede.net;Buckingham;Y
Octavius U. Bowman;+48 206-770-737;lobortis.quis.pede@scelerisqueneque.co.uk;Oakham;Y